hash,dev-tests-cov,evosuite-cov,randoop-reg-cov,randoop-all-cov,combined-cov
01973e419bff7ebc65cf41cdc2a6deff,NOT_COVERED,NOT_COVERED,NO_INFO,NO_INFO,NOT_COVERED
0268aeb5cdf7e9bc8aa658dfc96f618c,PARTIALLY_COVERED,NOT_COVERED,NOT_COVERED,NOT_COVERED,PARTIALLY_COVERED
0690ef3e4b1869292216ce4f9f14fa5e,NOT_COVERED,NO_INFO,NO_INFO,NO_INFO,NOT_COVERED
06de3ce0d1fd5a2dba2579c371ea099d,NOT_COVERED,NOT_COVERED,NO_INFO,NO_INFO,NOT_COVERED
0de4b4c1633364379836b588c6b0ea52,PARTIALLY_COVERED,NOT_COVERED,NO_INFO,NO_INFO,PARTIALLY_COVERED
0efa2245df9c35ceeb8514369b9cb070,NOT_COVERED,NOT_COVERED,NO_INFO,NOT_COVERED,NOT_COVERED
15c42d7b0bd7ed0b8a9a04f2790f4861,FULLY_COVERED,NOT_COVERED,NOT_COVERED,NOT_COVERED,FULLY_COVERED
15d174e9b4ed952d7608412ef688aaca,NOT_COVERED,NO_INFO,NO_INFO,NO_INFO,NOT_COVERED
194310c0d10d75af6321deaa6168d4e0,NOT_COVERED,NOT_COVERED,NO_INFO,NO_INFO,NOT_COVERED
1e580558cbf79ff28e294ed2cb9997ea,NOT_COVERED,NO_INFO,NOT_COVERED,NOT_COVERED,NOT_COVERED
200f0380398925ff08d3694850c22053,PARTIALLY_COVERED,NOT_COVERED,PARTIALLY_COVERED,PARTIALLY_COVERED,PARTIALLY_COVERED
2243e187eedf266248ec0f1659dff1fb,PARTIALLY_COVERED,PARTIALLY_COVERED,PARTIALLY_COVERED,PARTIALLY_COVERED,PARTIALLY_COVERED
225a1905a0ec5c146bb36dcc002abc69,NOT_COVERED,FULLY_COVERED,NOT_COVERED,NOT_COVERED,FULLY_COVERED
22d70cb3278e02950366aa29ae0936c1,NOT_COVERED,NOT_COVERED,NO_INFO,NO_INFO,NOT_COVERED
28d1bb0c897d494ae952e91ef1dcc425,NOT_COVERED,NOT_COVERED,NO_INFO,NO_INFO,NOT_COVERED
2a119d726dbe91829c49e81105e84f5d,NO_INFO,NO_INFO,NO_INFO,NO_INFO,NO_INFO
2a41d5ff861b12edf3003c8791d0f052,NOT_COVERED,FULLY_COVERED,PARTIALLY_COVERED,PARTIALLY_COVERED,FULLY_COVERED
2b1370dce665a0193db30e859314d922,NO_INFO,NO_INFO,NO_INFO,NO_INFO,NO_INFO
2efca0aa125edb5538a1f0950282e579,NO_INFO,NO_INFO,NO_INFO,NO_INFO,NO_INFO
33c47b70dcf5449d2840bb0a71a35520,NOT_COVERED,NO_INFO,NO_INFO,NO_INFO,NOT_COVERED
357078f27ca9a40c188763285d50fdff,NO_INFO,NO_INFO,NO_INFO,NO_INFO,NO_INFO
3da1cb101cae46a496a5d034865a1cf0,PARTIALLY_COVERED,PARTIALLY_COVERED,NO_INFO,NO_INFO,FULLY_COVERED
3f34cbe58ae4b106e979c7e52c97fcdb,NOT_COVERED,PARTIALLY_COVERED,NO_INFO,NOT_COVERED,PARTIALLY_COVERED
3f3fbd4afaaa698565afcf4b0e9d74f7,FULLY_COVERED,PARTIALLY_COVERED,PARTIALLY_COVERED,PARTIALLY_COVERED,FULLY_COVERED
4030d0fcb4b1a542fd040dc357ad9ab5,NO_INFO,NO_INFO,NO_INFO,NO_INFO,NO_INFO
404c4d556c0ef64eb8de9c8ea6c24aeb,PARTIALLY_COVERED,NOT_COVERED,NOT_COVERED,NOT_COVERED,PARTIALLY_COVERED
447725e83a7ec6c3eeb8693874d75ba4,NOT_COVERED,NO_INFO,NO_INFO,NO_INFO,NOT_COVERED
4730c43601007c9ad7ab2017bcc321ec,NO_INFO,NO_INFO,NO_INFO,NO_INFO,NO_INFO
4e00ce7cede54c1be5f1ba6e179bc5e0,NOT_COVERED,PARTIALLY_COVERED,NO_INFO,NO_INFO,PARTIALLY_COVERED
4e56a3008bf00a6f811792087f635be5,NOT_COVERED,NOT_COVERED,NO_INFO,NOT_COVERED,NOT_COVERED
532d9e77fa7d89c476b799aeaa39c60b,NO_INFO,NO_INFO,NO_INFO,NO_INFO,NO_INFO
54b7035c26859e931bc5b409b86cbd17,PARTIALLY_COVERED,NOT_COVERED,NO_INFO,NO_INFO,PARTIALLY_COVERED
5bf5b584e7487dc4952fac3d839fa707,PARTIALLY_COVERED,NOT_COVERED,NO_INFO,NO_INFO,PARTIALLY_COVERED
603addd4e614f33ff6c9581e841d334f,FULLY_COVERED,FULLY_COVERED,NOT_COVERED,NOT_COVERED,FULLY_COVERED
61b6924695b1532584097b1b2515d57a,NOT_COVERED,NOT_COVERED,NO_INFO,NO_INFO,NOT_COVERED
63c838be7f5f37dc74d5787ac51987a5,NOT_COVERED,NOT_COVERED,NO_INFO,NO_INFO,NOT_COVERED
65ef1dee5a95384cecf87e90fda505cc,NOT_COVERED,NO_INFO,NOT_COVERED,NOT_COVERED,NOT_COVERED
66712aa3273f5d62f70894ee4022e4d8,FULLY_COVERED,NOT_COVERED,NO_INFO,NOT_COVERED,FULLY_COVERED
67dbc61ecf2d63def1c6d5c2fca13d1c,NOT_COVERED,NOT_COVERED,NO_INFO,NOT_COVERED,NOT_COVERED
6d245f247cebe5b25ca54154c1418b7b,NOT_COVERED,NOT_COVERED,NO_INFO,NOT_COVERED,NOT_COVERED
6fcb5f11487d0b9b3a8a1e5a71de69b8,NOT_COVERED,NOT_COVERED,NO_INFO,NOT_COVERED,NOT_COVERED
6fd913163cba358c60a2bd048a685976,NO_INFO,NO_INFO,NO_INFO,NO_INFO,NO_INFO
786df31443ec98a88aad6aac2bde12a7,NOT_COVERED,NOT_COVERED,NO_INFO,NO_INFO,NOT_COVERED
7bda25a616e29fb3a4d9e50943c46a9a,NOT_COVERED,PARTIALLY_COVERED,NOT_COVERED,NOT_COVERED,PARTIALLY_COVERED
7c04670266a82bb745c9abcbdbaccd48,NOT_COVERED,NO_INFO,NOT_COVERED,NOT_COVERED,NOT_COVERED
7cdfc3bcc795f33dd7b41067da922130,FULLY_COVERED,NOT_COVERED,NOT_COVERED,NOT_COVERED,FULLY_COVERED
7e3cab804e9432b046179ca2f5ba1a13,FULLY_COVERED,NOT_COVERED,NO_INFO,NO_INFO,FULLY_COVERED
7e4786b83d9d39824324a9176b74c52c,NO_INFO,NO_INFO,NO_INFO,NO_INFO,NO_INFO
7e78b4edb3cbba5fa1f5d707673f2040,NOT_COVERED,NO_INFO,NOT_COVERED,NOT_COVERED,NOT_COVERED
7efcaeb2b36db9ad7350a5b0b70c6129,PARTIALLY_COVERED,NOT_COVERED,NO_INFO,NO_INFO,PARTIALLY_COVERED
815fea1e412fe38b6d898a13d10fec77,PARTIALLY_COVERED,NO_INFO,NO_INFO,NOT_COVERED,PARTIALLY_COVERED
816c67014650af706737861cbe5dcadf,NOT_COVERED,NOT_COVERED,NOT_COVERED,NOT_COVERED,NOT_COVERED
849ed8c5a6dc47cc730a213831207639,NO_INFO,NO_INFO,NO_INFO,NO_INFO,NO_INFO
852885eafaa085f04726681bfcc07b60,NOT_COVERED,NOT_COVERED,NOT_COVERED,NOT_COVERED,NOT_COVERED
8d31e32718e0f2983e4a9ea950ebff89,NOT_COVERED,NOT_COVERED,NOT_COVERED,NOT_COVERED,NOT_COVERED
8e137e1dcc78732b90b6540dc4dcfe92,NOT_COVERED,PARTIALLY_COVERED,NO_INFO,NO_INFO,PARTIALLY_COVERED
8f1deeee0d96f81c9a24e2d318d74eda,FULLY_COVERED,FULLY_COVERED,NO_INFO,NO_INFO,FULLY_COVERED
9480e8229a36c0a6f7ef580725643eda,NO_INFO,NO_INFO,NO_INFO,NO_INFO,NO_INFO
94d65b03fba21cb31bec413e071ced02,NO_INFO,NO_INFO,NO_INFO,NO_INFO,NO_INFO
958a897398113fd65d50b9c12f6903ed,NOT_COVERED,NOT_COVERED,NO_INFO,NOT_COVERED,NOT_COVERED
970f8eefa51f3083bcdb1748da8c4e7e,NOT_COVERED,NOT_COVERED,NOT_COVERED,NOT_COVERED,NOT_COVERED
9b0b32c02f8a22bf7c69b1f9cd8a2bc9,FULLY_COVERED,NOT_COVERED,NO_INFO,NO_INFO,FULLY_COVERED
9f643765dc2917581e07bce559419b8c,NO_INFO,NO_INFO,NO_INFO,NO_INFO,NO_INFO
a1aa2afc091d9cb4035dccdec79a0429,NOT_COVERED,NOT_COVERED,NO_INFO,NO_INFO,NOT_COVERED
a560ada137b398d0af8ff1444181c321,FULLY_COVERED,NOT_COVERED,NO_INFO,NOT_COVERED,FULLY_COVERED
a5e29e2e261b4b128b12c21ecaac8421,NOT_COVERED,NOT_COVERED,NOT_COVERED,NOT_COVERED,NOT_COVERED
a67f218ba30706d56ddd640b222b8d46,PARTIALLY_COVERED,PARTIALLY_COVERED,NOT_COVERED,NOT_COVERED,PARTIALLY_COVERED
a6c7411a615e6dcf175612812be3ba8d,FULLY_COVERED,NO_INFO,NO_INFO,NO_INFO,FULLY_COVERED
b465b2a4652dd37c8742dd8ab088d703,NOT_COVERED,NOT_COVERED,NOT_COVERED,NOT_COVERED,NOT_COVERED
bacaf3b933509c10c7e646c35daae8f9,NO_INFO,NO_INFO,NO_INFO,NO_INFO,NO_INFO
c0febc7b89d5353f1786da6806c5a841,NO_INFO,NO_INFO,NO_INFO,NO_INFO,NO_INFO
c7de6ed96d2f9ffe455656cfb8540411,NOT_COVERED,NOT_COVERED,NOT_COVERED,NOT_COVERED,NOT_COVERED
d095ef0647c6f87b5971ce00bad3220f,NOT_COVERED,NOT_COVERED,NOT_COVERED,NOT_COVERED,NOT_COVERED
d0c725ad86c11655829e5e183a017958,NOT_COVERED,NOT_COVERED,NO_INFO,NO_INFO,NOT_COVERED
d286194cd46a389b72956b60ce4c8358,NOT_COVERED,NOT_COVERED,NO_INFO,NO_INFO,NOT_COVERED
d6edd1b826a6f505ff15e5ba11908011,NOT_COVERED,NOT_COVERED,NO_INFO,NOT_COVERED,NOT_COVERED
dacb07ea55c299d7345117748027805a,NOT_COVERED,NO_INFO,NO_INFO,NOT_COVERED,NOT_COVERED
db94833ffc5c9eb866083202fa35a3c0,NOT_COVERED,FULLY_COVERED,NO_INFO,NO_INFO,FULLY_COVERED
dd3c4e1ae7c1175f1d075b5e59445a64,NOT_COVERED,NOT_COVERED,NO_INFO,NOT_COVERED,NOT_COVERED
de0f702418c4482333fe1bc0b0e18954,NOT_COVERED,FULLY_COVERED,NO_INFO,NO_INFO,FULLY_COVERED
e0d48cd7af3191114ad623c149d7bd5f,NOT_COVERED,NOT_COVERED,NOT_COVERED,NOT_COVERED,NOT_COVERED
e525bb934c86f182b5f12fc24fcbb30a,NO_INFO,NO_INFO,NO_INFO,NO_INFO,NO_INFO
e66c25396256aa773dd450501de3e7df,NOT_COVERED,NOT_COVERED,NO_INFO,NO_INFO,NOT_COVERED
e8b70836b9b251a2e04e48055672bc7f,NOT_COVERED,FULLY_COVERED,NO_INFO,NO_INFO,FULLY_COVERED
e9649e7abe1bbc829f98c00eb27c35a9,NOT_COVERED,NOT_COVERED,NO_INFO,NO_INFO,NOT_COVERED
e9fc8a98181f18253cc044a0861fc0eb,NOT_COVERED,PARTIALLY_COVERED,NOT_COVERED,NOT_COVERED,PARTIALLY_COVERED
ec464ac26fda840307d4164fa92627ec,NO_INFO,NO_INFO,NO_INFO,NO_INFO,NO_INFO
ecd38950f5188558f40334d97ea61f4b,FULLY_COVERED,FULLY_COVERED,NO_INFO,NO_INFO,FULLY_COVERED
f17445b3bebbb192e44b47b6a6928267,PARTIALLY_COVERED,NO_INFO,NO_INFO,NO_INFO,PARTIALLY_COVERED
f2f073a7ccd7751a4516f9e1ce658e6b,NOT_COVERED,FULLY_COVERED,NOT_COVERED,NOT_COVERED,FULLY_COVERED
f543cb57b49c453b50c341a5d0e2b51a,NO_INFO,NO_INFO,NO_INFO,NO_INFO,NO_INFO
f6f791adb407cb1a358a3424ca39a128,NOT_COVERED,NOT_COVERED,NO_INFO,NO_INFO,NOT_COVERED
f8f5bc4bc33f123442886530e20a368a,NOT_COVERED,NOT_COVERED,NOT_COVERED,NOT_COVERED,NOT_COVERED
f97834c04ac5b44d8b56823dc7284e09,NOT_COVERED,NOT_COVERED,NO_INFO,NO_INFO,NOT_COVERED
fad918a65d6a94f56a4adb1c00a9fc06,PARTIALLY_COVERED,NOT_COVERED,NOT_COVERED,NOT_COVERED,PARTIALLY_COVERED
ffbec4b817826ed207da13884a3ea8cf,NOT_COVERED,NOT_COVERED,NO_INFO,NO_INFO,NOT_COVERED
FULLY_COVERED,11,9,0,0,18
PARTIALLY_COVERED,13,9,4,4,17
NOT_COVERED,54,48,25,38,43
NO_INFO,18,30,67,54,18
