fragment,data,control,exception
https://github.com/maxmind/geoip-api-java/blob/0ed8a38981512667533d47204486aae0278a1bc8/src/main/java/com/maxmind/geoip/regionName.java#L11-L23,2,0,0
https://github.com/maxmind/geoip-api-java/blob/0ed8a38981512667533d47204486aae0278a1bc8/src/main/java/com/maxmind/geoip/timeZone.java#L33-L81,24,0,0
https://github.com/magdel/MapNav/blob/97c4f93f02a56aa1ce2b2ffc8d0cd41ed150e9b3/src/main/java/RPMap/MapCanvas.java#L1732-L1734,4,0,0
https://github.com/messai-engineering/Yuga/blob/40b006970e6e9a1eb5fc13e739f22232c683a965/src/main/java/com/twelfthmile/yuga/Yuga.java#L239C33-L245,24,0,0
https://github.com/pvto/konte-art/blob/03c969d8fd62ba3c7175a840e6a785049183f4b6/src/main/java/org/konte/parse/Parser.java#L611-L613,2,0,2
https://github.com/tud-fop/j-Algo/blob/f59fbbd9ccc3f41d6866fda44324622e2b47eef2/src/main/java/c00/parser/C00Parser.java#L1146C1-L1155C31,0,0,1
https://github.com/tud-fop/j-Algo/blob/f59fbbd9ccc3f41d6866fda44324622e2b47eef2/src/main/java/c00/parser/C00Lexer.java#L1628C11-L1633C12,2,0,0
https://github.com/PeterisP/morphology/blob/1195adb7bb994292e5b06f2b20f4feb6191ca951/src/main/java/lv/semti/morphology/analyzer/Mijas.java#L122C2-L125C96,4,0,0
https://github.com/mvel/mvel/blob/236d37bc78a158553592afedbbf1aa27815efb78/src/main/java/org/mvel2/compiler/AbstractParser.java#L324-L329,2,0,0
https://github.com/PeterisP/morphology/blob/1195adb7bb994292e5b06f2b20f4feb6191ca951/src/main/java/lv/semti/morphology/analyzer/Mijas.java#L767-L774,5,0,0
https://github.com/hoijui/Jawk/blob/33cfbc2bc14bc9c75fedccbe2963ef26b61543dc/src/main/java/org/jawk/backend/AVM.java#L563C1-L584C8,6,0,1
https://github.com/hoijui/Jawk/blob/33cfbc2bc14bc9c75fedccbe2963ef26b61543dc/src/main/java/org/jawk/backend/AVM.java#L849-L862,4,0,0
https://github.com/StarlangSoftware/TurkishMorphologicalDisambiguation/blob/bf8dbc2cd835c67178eb896939ad1009b6743486/src/main/java/MorphologicalDisambiguation/AutoDisambiguator.java#L275-L281,2,1,0
https://github.com/graphstream/gs-core/blob/950b87280075f92a85b564b47ce6522ced5ba53a/src/org/graphstream/ui/graphicGraph/stylesheet/parser/StyleSheetParserTokenManager.java#L72-L96,13,0,0
https://github.com/tud-fop/j-Algo/blob/f59fbbd9ccc3f41d6866fda44324622e2b47eef2/src/main/java/c00/parser/C00Parser.java#L4496-L4505,0,0,1
https://github.com/smola/galimatias/blob/0771a10ef5021181fc172b95ac39e9f4c7ada2e8/src/main/java/io/mola/galimatias/URLParser.java#L472C2-L479C26,2,0,0
https://github.com/tvesalainen/bcc/blob/8bfbb307418a422d57370b2df12fdfb1126f3407/src/main/java/org/vesalainen/bcc/ByteCodeDump.java#L428C1-L437C22,1,0,0
https://github.com/pfmiles/min-velocity/blob/4e8ec4f64681c1d6941bf8d90a51849e87b86cf5/src/main/java/com/github/pfmiles/org/apache/velocity/runtime/parser/ParserTokenManager.java#L4456C1-L4460C42,4,0,0
https://github.com/dingjs/javaagent/blob/aa1cea60d0042f58977fb5d42c16afca92ad589d/src/main/java/com/wenshuo/agent/javassist/bytecode/analysis/Executor.java#L282C1-L293C51,1,0,0
https://github.com/tommyettinger/RegExodus/blob/48a8167a5dc1e381fc741fabd425965a22aa1503/src/main/java/regexodus/Matcher.java#L1422C1-L1428C30,3,0,0
https://github.com/magdel/MapNav/blob/97c4f93f02a56aa1ce2b2ffc8d0cd41ed150e9b3/src/main/java/app/MapForms.java#L1022C1-L1049C22,21,0,0
https://github.com/apache/dubbo-hessian-lite/blob/ca001b4658227d5122f85bcb45032a0dac4faf0d/src/main/java/com/alibaba/com/caucho/hessian/io/Hessian2Input.java#L1795C1-L1797C36,1,0,0
https://github.com/jai-imageio/jai-imageio-core/blob/f81bc1ab19faa210ad289c6ae2588bc1157fd07a/src/main/java/com/github/jaiimageio/impl/plugins/tiff/TIFFImageWriter.java#L745C1-L750C22,2,0,0
https://github.com/bruceran/krpc/blob/33c83d78574a472e3cbfc75afa87ec57253cc90c/src/main/java/krpc/rpc/bootstrap/Bootstrap.java#L598C1-L604C22,4,0,1
https://github.com/jai-imageio/jai-imageio-core/blob/f81bc1ab19faa210ad289c6ae2588bc1157fd07a/src/main/java/com/github/jaiimageio/impl/plugins/raw/RawRenderedImage.java#L312C1-L319C46,4,0,0
https://github.com/jai-imageio/jai-imageio-core/blob/f81bc1ab19faa210ad289c6ae2588bc1157fd07a/src/main/java/com/github/jaiimageio/impl/plugins/raw/RawRenderedImage.java#L451C1-L465C1,4,0,0
https://github.com/jai-imageio/jai-imageio-core/blob/f81bc1ab19faa210ad289c6ae2588bc1157fd07a/src/main/java/com/github/jaiimageio/impl/plugins/raw/RawRenderedImage.java#L537C9-L545C82,4,0,0
https://github.com/magdel/MapNav/blob/97c4f93f02a56aa1ce2b2ffc8d0cd41ed150e9b3/src/main/java/RPMap/MapCanvas.java#L5412C1-L5414C19,12,0,0
https://github.com/jtidy/jtidy/blob/aade7c5a6c1007d013859ac95378a2d469f5e254/src/main/java/org/w3c/tidy/PPrint.java#L737C1-L778C18,6,0,0
https://github.com/jtidy/jtidy/blob/aade7c5a6c1007d013859ac95378a2d469f5e254/src/main/java/org/w3c/tidy/PPrint.java#L904C17-L912C22,2,0,0
https://github.com/apache/dubbo-hessian-lite/blob/ca001b4658227d5122f85bcb45032a0dac4faf0d/src/main/java/com/alibaba/com/caucho/hessian/io/Hessian2Input.java#L1114C4-L1114C82,1,0,0
https://github.com/apache/dubbo-hessian-lite/blob/ca001b4658227d5122f85bcb45032a0dac4faf0d/src/main/java/com/alibaba/com/caucho/hessian/io/Hessian2Input.java#L899C1-L902C35,1,0,0
https://github.com/apache/dubbo-hessian-lite/blob/ca001b4658227d5122f85bcb45032a0dac4faf0d/src/main/java/com/alibaba/com/caucho/hessian/io/Hessian2Input.java#L1404C16-L1404C83,1,0,0
https://github.com/apache/dubbo-hessian-lite/blob/ca001b4658227d5122f85bcb45032a0dac4faf0d/src/main/java/com/alibaba/com/caucho/hessian/io/Hessian2Input.java#L725C3-L728C40,2,0,0
https://github.com/jtidy/jtidy/blob/aade7c5a6c1007d013859ac95378a2d469f5e254/src/main/java/org/w3c/tidy/Lexer.java#L2517C1-L2525C30,2,0,0
https://github.com/erdtman/java-json-canonicalization/blob/535ab0075405f6aafb96a4197f943838130666d3/src/main/java/org/erdtman/jcs/NumberDToA.java#L461C4-L466C25,2,0,0
https://github.com/erdtman/java-json-canonicalization/blob/535ab0075405f6aafb96a4197f943838130666d3/src/main/java/org/erdtman/jcs/NumberDToA.java#L468C1-L473C22,2,0,0
https://github.com/erdtman/java-json-canonicalization/blob/535ab0075405f6aafb96a4197f943838130666d3/src/main/java/org/erdtman/jcs/NumberDToA.java#L523C1-L532C30,6,0,0
https://github.com/erdtman/java-json-canonicalization/blob/535ab0075405f6aafb96a4197f943838130666d3/src/main/java/org/erdtman/jcs/NumberDToA.java#L826-L841,2,0,0
https://github.com/delthas/JavaMP3/blob/8b42e48a549813b43c99db9fef525286c888a082/src/main/java/fr/delthas/javamp3/Decoder.java#L710C1-L714C14,5,0,0
https://github.com/apache/xmlgraphics-commons/blob/d5d782f9fce99774ef206a4a4437fc86f711d9d9/src/main/java/org/apache/xmlgraphics/image/codec/tiff/TIFFImage.java#L931C1-L943C26,1,0,0
https://github.com/apache/xmlgraphics-commons/blob/d5d782f9fce99774ef206a4a4437fc86f711d9d9/src/main/java/org/apache/xmlgraphics/image/codec/tiff/TIFFImage.java#L954C1-L966C26,1,0,0
https://github.com/apache/xmlgraphics-commons/blob/d5d782f9fce99774ef206a4a4437fc86f711d9d9/src/main/java/org/apache/xmlgraphics/image/codec/tiff/TIFFImage.java#L1181C1-L1193C22,1,0,0
https://github.com/jai-imageio/jai-imageio-core/blob/f81bc1ab19faa210ad289c6ae2588bc1157fd07a/src/main/java/com/github/jaiimageio/impl/plugins/tiff/TIFFImageMetadata.java#L888C1-L905C51,3,0,0
https://github.com/jruby/joni/blob/d4696c4f6dcdd1484895abae4b9b3c62874759e1/src/org/joni/Lexer.java#L1178C1-L1183C53,2,0,1
https://github.com/logpresso/CVE-2021-44228-Scanner/blob/35c37dd6941d6b77d103229302cadd473b97a816/src/main/java/com/logpresso/scanner/Configuration.java#L348-L364,2,0,4
https://github.com/OpenLiberty/ci.common/blob/b48d061d33b28b6dd5d48f52f25e032e3fc45614/src/main/java/io/openliberty/tools/common/plugins/util/DevUtil.java#L4311C1-L4320C14,8,0,0
https://github.com/meteoinfo/wContour/blob/dade1e866bf3d3eab56bd09f2b1dcdac5c1ee6f6/src/main/java/wcontour/Contour.java#L1699C1-L1708C18,6,0,0
https://github.com/meteoinfo/wContour/blob/dade1e866bf3d3eab56bd09f2b1dcdac5c1ee6f6/src/main/java/wcontour/Contour.java#L1710-L1725,8,0,0
https://github.com/pvto/konte-art/blob/03c969d8fd62ba3c7175a840e6a785049183f4b6/src/main/java/org/konte/parse/ExpressionParser.java#L173C1-L189C35,4,0,2
https://github.com/mjsalerno/UnoBot/blob/4ee2ef9abe11a299a434f9ea998b6dddd8a4b0aa/src/main/java/com/mjsalerno/unobot/UnoBot.java#L576C1-L587C18,26,0,0
https://github.com/apache/xmlgraphics-commons/blob/d5d782f9fce99774ef206a4a4437fc86f711d9d9/src/main/java/org/apache/xmlgraphics/image/codec/tiff/TIFFImage.java#L216C6-L231C43,2,0,0
https://github.com/STEMLab/JIneditor/blob/ccca7bec12fe58583d25da0d13ae038b27d34424/src/main/java/edu/pnu/gui/CanvasPanel.java#L401C1-L417C18,12,0,0
https://github.com/jai-imageio/jai-imageio-core/blob/f81bc1ab19faa210ad289c6ae2588bc1157fd07a/src/main/java/com/github/jaiimageio/plugins/tiff/TIFFDecompressor.java#L1143C1-L1152C22,6,0,0
https://github.com/streamx-co/ExTree/blob/2cb6b78c0eb4dc25fa81f582641b5464779a93fa/src/main/java/co/streamx/fluent/extree/expression/ExpressionMethodVisitor.java#L435C1-L437C94,6,0,0
https://github.com/meteoinfo/wContour/blob/dade1e866bf3d3eab56bd09f2b1dcdac5c1ee6f6/src/main/java/wcontour/Contour.java#L118C1-L137C25,10,0,0
https://github.com/meteoinfo/wContour/blob/dade1e866bf3d3eab56bd09f2b1dcdac5c1ee6f6/src/main/java/wcontour/Contour.java#L238C6-L255C18,6,0,0
https://github.com/apache/xmlgraphics-commons/blob/d5d782f9fce99774ef206a4a4437fc86f711d9d9/src/main/java/org/apache/xmlgraphics/image/codec/tiff/TIFFImageEncoder.java#L448C1-L454C18,16,0,0
https://github.com/jruby/jcodings/blob/4eb6216f88f2b4ce80b555cc58e3f86e88b72c86/src/org/jcodings/transcode/Transcoding.java#L231C14-L245C30,5,0,0
https://github.com/mvel/mvel/blob/236d37bc78a158553592afedbbf1aa27815efb78/src/main/java/org/mvel2/optimizers/impl/asm/ASMAccessorOptimizer.java#L1833C1-L1842C10,4,0,0
https://github.com/mvel/mvel/blob/236d37bc78a158553592afedbbf1aa27815efb78/src/main/java/org/mvel2/optimizers/impl/asm/ASMAccessorOptimizer.java#L1991C1-L1996C48,1,0,0
https://github.com/jai-imageio/jai-imageio-core/blob/f81bc1ab19faa210ad289c6ae2588bc1157fd07a/src/main/java/com/github/jaiimageio/impl/plugins/tiff/TIFFImageWriter.java#L1762C3-L1767C36,10,0,0
https://github.com/tommyettinger/RegExodus/blob/48a8167a5dc1e381fc741fabd425965a22aa1503/src/main/java/regexodus/CharacterClass.java#L507C1-L519C30,19,0,0
https://github.com/tommyettinger/RegExodus/blob/48a8167a5dc1e381fc741fabd425965a22aa1503/src/main/java/regexodus/CharacterClass.java#L551C27-L565C50,24,0,0
https://github.com/StarlangSoftware/TurkishMorphologicalAnalysis/blob/26450b47db92b64580a2bfa4a0d7d0bce38edd49/src/main/java/MorphologicalAnalysis/Transition.java#L317C1-L329C47,8,0,0
https://github.com/hoijui/Jawk/blob/33cfbc2bc14bc9c75fedccbe2963ef26b61543dc/src/main/java/org/jawk/frontend/AwkParser.java#L697C1-L710C6,11,0,0
https://github.com/EsotericSoftware/yamlbeans/blob/763726d51c99824218051e485e1b44f7477456fa/src/com/esotericsoftware/yamlbeans/YamlReader.java#L350C1-L359C8,4,0,0
https://github.com/apache/commons-imaging/blob/d3b3b534198d2b0b631379515e2b53905b425e70/src/main/java/org/apache/commons/imaging/formats/jpeg/JpegImageParser.java#L391C1-L407C22,4,0,0
https://github.com/albfernandez/itext2/blob/5ac684e2140a3d9a5b4c34dfd2639dcc87884ad0/src/main/java/com/lowagie/text/xml/simpleparser/SimpleXMLParser.java#L376C2-L383C38,12,0,0
https://github.com/jai-imageio/jai-imageio-core/blob/f81bc1ab19faa210ad289c6ae2588bc1157fd07a/src/main/java/com/github/jaiimageio/impl/plugins/pnm/PNMImageWriter.java#L443C14-L454C18,5,0,0
https://github.com/Harium/keel/blob/bb6a1cf5104d609399ddf9a803ae60d6caee7a3b/src/main/java/com/harium/keel/catalano/math/decomposition/SingularValueDecomposition.java#L180C1-L188C18,17,0,0
https://github.com/Harium/keel/blob/bb6a1cf5104d609399ddf9a803ae60d6caee7a3b/src/main/java/com/harium/keel/catalano/math/decomposition/SingularValueDecomposition.java#L241C1-L256C22,24,0,0
https://github.com/Zettelkasten-Team/Zettelkasten/blob/b68dc7638b9f9287c9528d4171a9014e8ba3eed3/src/main/java/de/danielluedecke/zettelkasten/tasks/importtasks/ImportFromZkn.java#L621-L638,1,0,0
https://github.com/Zettelkasten-Team/Zettelkasten/blob/b68dc7638b9f9287c9528d4171a9014e8ba3eed3/src/main/java/de/danielluedecke/zettelkasten/tasks/importtasks/ImportFromZkn.java#L770C10-L806C11,26,0,0
https://github.com/jai-imageio/jai-imageio-core/blob/f81bc1ab19faa210ad289c6ae2588bc1157fd07a/src/main/java/com/github/jaiimageio/impl/plugins/bmp/BMPImageWriter.java#L679-L684,4,0,0
https://github.com/blackbeard334/djoom3/blob/64362645420c99ac621b051a678de96883e2a329/src/main/java/neo/ui/Window.java#L1599-L1604,3,0,0
https://github.com/blackbeard334/djoom3/blob/64362645420c99ac621b051a678de96883e2a329/src/main/java/neo/ui/Window.java#L1660C1-L1666C38,4,0,0
https://github.com/OWASP/json-sanitizer/blob/fc612ab374de73d03864d56fb87b6a103b234489/src/main/java/com/google/json/JsonSanitizer.java#L342C2-L350C20,9,0,0
https://github.com/OWASP/json-sanitizer/blob/fc612ab374de73d03864d56fb87b6a103b234489/src/main/java/com/google/json/JsonSanitizer.java#L353C1-L362C20,5,0,0
https://github.com/loehndorf/scengen/blob/5e11067f76f5631a31b75f823cd3666a769b098f/src/main/java/scengen/application/Generator.java#L186C3-L195C6,2,0,6
https://github.com/meteoinfo/wContour/blob/dade1e866bf3d3eab56bd09f2b1dcdac5c1ee6f6/src/main/java/wcontour/Contour.java#L3109C1-L3123C26,12,0,0
https://github.com/tud-fop/j-Algo/blob/f59fbbd9ccc3f41d6866fda44324622e2b47eef2/src/main/java/c00/parser/C00Parser.java#L2611C9-L2627C10,5,0,1
https://github.com/sbesada/java.math.expression.parser/blob/cc92f58f6074b21cf6f5d4056b7f7cc5168f50af/src/main/java/com/expression/parser/function/ComplexFunction.java#L102C2-L107C18,6,0,0
https://github.com/albfernandez/itext2/blob/5ac684e2140a3d9a5b4c34dfd2639dcc87884ad0/src/main/java/com/lowagie/text/pdf/codec/TiffImage.java#L494-L502,18,0,0
https://github.com/StarlangSoftware/Corpus/blob/c0b50a746e5179df1b236273bcf1ec6d1cc988c7/src/main/java/Corpus/SentenceSplitter.java#L319C24-L362C26,14,0,0
https://github.com/attoparser/attoparser/blob/e1049dcd8261fe315b679029e711a9f5ea03f1cc/src/main/java/org/attoparser/select/MarkupSelectorItems.java#L249C1-L255C14,2,0,2
https://github.com/attoparser/attoparser/blob/e1049dcd8261fe315b679029e711a9f5ea03f1cc/src/main/java/org/attoparser/select/MarkupSelectorItems.java#L407C1-L417C22,6,0,0
https://github.com/tommyettinger/RegExodus/blob/48a8167a5dc1e381fc741fabd425965a22aa1503/src/main/java/regexodus/Term.java#L1618C1-L1626C18,3,0,0
https://github.com/tommyettinger/RegExodus/blob/48a8167a5dc1e381fc741fabd425965a22aa1503/src/main/java/regexodus/Term.java#L521C1-L539C30,10,0,1
https://github.com/mvel/mvel/blob/236d37bc78a158553592afedbbf1aa27815efb78/src/main/java/org/mvel2/optimizers/impl/asm/ASMAccessorOptimizer.java#L1212C1-L1220C12,0,0,3
https://github.com/Isaac315/sql-translator/blob/78f3fb0091c94563a640ef672de3e75e2b5c3bb2/src/main/java/com/raysonfang/sqltranslator/sql/dialect/oracle/util/OracleSQLDataTypeTransformUtil.java#L209C1-L216C70,1,0,1
https://github.com/narupley/not-going-to-be-commons-ssl/blob/346bb4e8481316687a643219800a398ecd8f62a8/src/main/java/org/apache/commons/ssl/PKCS8Key.java#L659C1-L695C18,4,0,2
https://github.com/meteoinfo/wContour/blob/dade1e866bf3d3eab56bd09f2b1dcdac5c1ee6f6/src/main/java/wcontour/Contour.java#L4177C1-L4190C38,20,0,0
https://github.com/rythmengine/rythmengine/blob/3439bd728c8e95927cea9146b5d6b59a30c3c516/src/main/java/org/rythmengine/utils/Time.java#L600C1-L610C30,0,0,7
https://github.com/albfernandez/itext2/blob/5ac684e2140a3d9a5b4c34dfd2639dcc87884ad0/src/main/java/com/lowagie/text/html/simpleparser/HTMLWorker.java#L285C1-L290C10,2,0,1
https://github.com/demidenko05/beigesoft-accounting/blob/0170596e736d3cc69f70c88ced3b9d78f63ddca1/src/main/java/org/beigesoft/accounting/report/InvoiceReportPdf.java#L142C6-L148C8,3,0,0
https://github.com/adobe/commerce-cif-magento-graphql/blob/0bc22bb767a8270f94ee04d85ab2571569a146a1/src/main/java/com/adobe/cq/commerce/magento/graphql/ProductFilterInput.java#L1411C1-L1416C22,2,0,0
https://github.com/maven-nar/nar-maven-plugin/blob/e747b5ee080b243e0b817f722a43c9c203bb4df8/src/main/java/com/github/maven_nar/NarCompileMojo.java#L352C1-L362C12,8,0,0
https://github.com/albfernandez/itext2/blob/5ac684e2140a3d9a5b4c34dfd2639dcc87884ad0/src/main/java/com/lowagie/text/pdf/codec/BmpImage.java#L401C1-L415C65,14,0,0
https://github.com/unitsofmeasurement/unit-ri/blob/d412fc0b790d7c050dcfb2cba24a4316ece24b5c/src/main/java/tec/units/ri/internal/format/l10n/DecimalFormat.java#L1927C1-L1931C69,12,0,0
https://github.com/unitsofmeasurement/unit-ri/blob/d412fc0b790d7c050dcfb2cba24a4316ece24b5c/src/main/java/tec/units/ri/internal/format/l10n/DecimalFormat.java#L1941C1-L1946C20,9,0,0
https://github.com/unitsofmeasurement/unit-ri/blob/d412fc0b790d7c050dcfb2cba24a4316ece24b5c/src/main/java/tec/units/ri/internal/format/l10n/DecimalFormat.java#L1895C1-L1900C18,9,0,0
https://github.com/jruby/joni/blob/d4696c4f6dcdd1484895abae4b9b3c62874759e1/src/org/joni/Matcher.java#L341C1-L349C18,5,0,0
https://github.com/jruby/joni/blob/d4696c4f6dcdd1484895abae4b9b3c62874759e1/src/org/joni/Matcher.java#L352C1-L362C18,10,0,0
https://github.com/jruby/joni/blob/d4696c4f6dcdd1484895abae4b9b3c62874759e1/src/org/joni/Matcher.java#L434C1-L442C18,5,0,0
https://github.com/demidenko05/beigesoft-webstore/blob/624d41d82547ff897ca5b3740d8d73cb2dacf052/src/main/java/org/beigesoft/webstore/processor/PrcRefreshItemsInList.java#L776C1-L783C10,1,0,0
https://github.com/demidenko05/beigesoft-webstore/blob/624d41d82547ff897ca5b3740d8d73cb2dacf052/src/main/java/org/beigesoft/webstore/processor/PrcRefreshItemsInList.java#L798C13-L821C14,24,0,0
https://github.com/blackbeard334/djoom3/blob/64362645420c99ac621b051a678de96883e2a329/src/main/java/neo/ui/EditWindow.java#L287C1-L300C26,4,0,0
https://github.com/attoparser/attoparser/blob/e1049dcd8261fe315b679029e711a9f5ea03f1cc/src/main/java/org/attoparser/select/MarkupSelectorItems.java#L148-L149,3,0,0
https://github.com/forcedotcom/wsc/blob/df588f1411b855687b9dfb5cfa69026e92ebb34e/src/main/java/com/sforce/ws/parser/MXParser.java#L1929C1-L1942C12,9,0,1
https://github.com/forcedotcom/wsc/blob/df588f1411b855687b9dfb5cfa69026e92ebb34e/src/main/java/com/sforce/ws/parser/MXParser.java#L1964-L1969,0,0,1
https://github.com/sbesada/java.math.numerical.library/blob/a2f18eda6de69c937183771d3b1f268e606a8871/src/main/java/com/mathlibrary/function/FunctionXs.java#L414C29-L425C30,1,0,3
https://github.com/pingcap/tidb-loadbalance/blob/b1d62a4561fee7c525ae4c640a10f55c4702755b/src/main/java/com/tidb/jdbc/conf/StringInspector.java#L418C24-L425C22,12,0,0
https://github.com/pingcap/tidb-loadbalance/blob/b1d62a4561fee7c525ae4c640a10f55c4702755b/src/main/java/com/tidb/jdbc/conf/StringInspector.java#L453C6-L463C22,12,0,0
https://github.com/jai-imageio/jai-imageio-core/blob/f81bc1ab19faa210ad289c6ae2588bc1157fd07a/src/main/java/com/github/jaiimageio/impl/plugins/bmp/BMPImageReader.java#L470C21-L492C22,20,0,0
https://github.com/albfernandez/itext2/blob/5ac684e2140a3d9a5b4c34dfd2639dcc87884ad0/src/main/java/com/lowagie/text/pdf/PushbuttonField.java#L476C1-L492C27,16,0,0
https://github.com/StarlangSoftware/TurkishMorphologicalAnalysis/blob/26450b47db92b64580a2bfa4a0d7d0bce38edd49/src/main/java/MorphologicalAnalysis/FsmMorphologicalAnalyzer.java#L419C1-L434C30,5,0,0
https://github.com/StarlangSoftware/TurkishMorphologicalAnalysis/blob/26450b47db92b64580a2bfa4a0d7d0bce38edd49/src/main/java/MorphologicalAnalysis/FsmMorphologicalAnalyzer.java#L494C5-L502C26,3,3,0
https://github.com/sbesada/java.math.numerical.library/blob/a2f18eda6de69c937183771d3b1f268e606a8871/src/main/java/com/mathlibrary/function/FunctionX.java#L321C1-L326C18,3,0,1
https://github.com/Neop/mudmap2/blob/070650853bc37663525f0d62fb54a029e364eafd/src/main/java/mudmap2/backend/WorldFileReader/current/WorldFileJSON.java#L347C3-L362C67,5,0,0
https://github.com/mimno/Mallet/blob/ff204eb8aa7f414e779f37843fb68b3e1fdc7015/src/cc/mallet/util/SVD.java#L69C1-L78C22,1,0,0
https://github.com/mimno/Mallet/blob/ff204eb8aa7f414e779f37843fb68b3e1fdc7015/src/cc/mallet/util/SVD.java#L161C1-L168C22,2,0,0
https://github.com/mimno/Mallet/blob/ff204eb8aa7f414e779f37843fb68b3e1fdc7015/src/cc/mallet/util/SVD.java#L415C1-L417C44,1,0,0
https://github.com/StarlangSoftware/TurkishMorphologicalAnalysis/blob/26450b47db92b64580a2bfa4a0d7d0bce38edd49/src/main/java/MorphologicalAnalysis/FsmParse.java#L631C102-L637C106,3,0,0
https://github.com/StarlangSoftware/TurkishMorphologicalAnalysis/blob/26450b47db92b64580a2bfa4a0d7d0bce38edd49/src/main/java/MorphologicalAnalysis/FsmParse.java#L615C1-L623C114,5,0,0
https://github.com/Isaac315/sql-translator/blob/78f3fb0091c94563a640ef672de3e75e2b5c3bb2/src/main/java/com/raysonfang/sqltranslator/sql/dialect/oracle/util/OracleSQLDataTypeTransformUtil.java#L87C1-L97C22,6,0,0
https://github.com/adobe/commerce-cif-magento-graphql/blob/0bc22bb767a8270f94ee04d85ab2571569a146a1/src/main/java/com/adobe/cq/commerce/magento/graphql/ProductSortInput.java#L1270C1-L1275C22,2,0,0
https://github.com/blackbeard334/djoom3/blob/64362645420c99ac621b051a678de96883e2a329/src/main/java/neo/Renderer/Model_lwo.java#L2980C1-L2997C26,10,0,0
https://github.com/maven-nar/nar-maven-plugin/blob/e747b5ee080b243e0b817f722a43c9c203bb4df8/src/main/java/com/github/maven_nar/Linker.java#L408C1-L417C14,2,0,0
https://github.com/maven-nar/nar-maven-plugin/blob/e747b5ee080b243e0b817f722a43c9c203bb4df8/src/main/java/com/github/maven_nar/Linker.java#L430C1-L442C50,6,0,0
https://github.com/jai-imageio/jai-imageio-core/blob/f81bc1ab19faa210ad289c6ae2588bc1157fd07a/src/main/java/com/github/jaiimageio/impl/plugins/bmp/BMPMetadata.java#L1006C1-L1027C18,4,0,0
https://github.com/jai-imageio/jai-imageio-core/blob/f81bc1ab19faa210ad289c6ae2588bc1157fd07a/src/main/java/com/github/jaiimageio/impl/plugins/bmp/BMPMetadata.java#L952C1-L960C26,2,0,0
https://github.com/blackbeard334/djoom3/blob/64362645420c99ac621b051a678de96883e2a329/src/main/java/neo/Tools/Compilers/AAS/AASReach.java#L542C1-L546C50,1,0,0
https://github.com/blackbeard334/djoom3/blob/64362645420c99ac621b051a678de96883e2a329/src/main/java/neo/Tools/Compilers/AAS/AASReach.java#L575C25-L587C30,9,0,0
https://github.com/jai-imageio/jai-imageio-core/blob/f81bc1ab19faa210ad289c6ae2588bc1157fd07a/src/main/java/com/github/jaiimageio/impl/plugins/pnm/PNMImageReader.java#L427C1-L436C77,2,0,0
https://github.com/jai-imageio/jai-imageio-core/blob/f81bc1ab19faa210ad289c6ae2588bc1157fd07a/src/main/java/com/github/jaiimageio/impl/plugins/pnm/PNMImageReader.java#L463C1-L475C26,2,0,0
https://github.com/hummeling/if97/blob/a508c11bea77ebc39d6bf8c7b21854947e07ca96/src/main/java/com/hummeling/if97/Region3.java#L1201C1-L1206C53,1,0,0
https://github.com/hummeling/if97/blob/a508c11bea77ebc39d6bf8c7b21854947e07ca96/src/main/java/com/hummeling/if97/Region3.java#L1209C1-L1216C66,1,0,0
https://github.com/mangstadt/biweekly/blob/5baf97e7f64d1daf0c4f6277b3600021be28303e/src/main/java/biweekly/util/com/google/ical/iter/RecurrenceIteratorFactory.java#L232C1-L233C65,1,0,0
https://github.com/tommyettinger/RegExodus/blob/48a8167a5dc1e381fc741fabd425965a22aa1503/src/main/java/regexodus/Term.java#L1129C1-L1140C42,1,0,0
https://github.com/tommyettinger/RegExodus/blob/48a8167a5dc1e381fc741fabd425965a22aa1503/src/main/java/regexodus/Term.java#L1146C1-L1159C40,1,0,0
https://github.com/tommyettinger/RegExodus/blob/48a8167a5dc1e381fc741fabd425965a22aa1503/src/main/java/regexodus/Term.java#L1242C1-L1246C30,1,0,0
https://github.com/ThreeTen/threetenbp/blob/bdf97bf72f4e5af7ae3c3af1ea8e3407c1451341/src/main/java/org/threeten/bp/format/DateTimeFormatterBuilder.java#L1397C1-L1403C26,1,0,0
https://github.com/ThreeTen/threetenbp/blob/bdf97bf72f4e5af7ae3c3af1ea8e3407c1451341/src/main/java/org/threeten/bp/format/DateTimeFormatterBuilder.java#L1476C1-L1485C18,3,0,0
https://github.com/StaticBeagle/ETK4J/blob/393c622d01b9abfcead5c9c0973b4557173502e2/src/main/java/com/wildbitsfoundry/etk4j/math/linearalgebra/EigenvalueDecomposition.java#L570C1-L576C26,2,0,0
https://github.com/StaticBeagle/ETK4J/blob/393c622d01b9abfcead5c9c0973b4557173502e2/src/main/java/com/wildbitsfoundry/etk4j/math/linearalgebra/EigenvalueDecomposition.java#L520C1-L532C7,4,0,0
https://github.com/maven-nar/nar-maven-plugin/blob/e747b5ee080b243e0b817f722a43c9c203bb4df8/src/main/java/com/github/maven_nar/NarIntegrationTestMojo.java#L707C1-L718C10,1,0,0
https://github.com/maven-nar/nar-maven-plugin/blob/e747b5ee080b243e0b817f722a43c9c203bb4df8/src/main/java/com/github/maven_nar/NarIntegrationTestMojo.java#L952C1-L955C10,4,0,0
https://github.com/albfernandez/itext2/blob/5ac684e2140a3d9a5b4c34dfd2639dcc87884ad0/src/main/java/com/lowagie/text/xml/SAXiTextHandler.java#L460C1-L473C20,20,0,1
https://github.com/openskynetwork/java-adsb/blob/7d73726841d98357da360ea631bbe12d3def86cc/src/main/java/org/opensky/libadsb/ModeSDecoder.java#L146C1-L152C8,1,0,0
https://github.com/EsotericSoftware/yamlbeans/blob/763726d51c99824218051e485e1b44f7477456fa/src/com/esotericsoftware/yamlbeans/emitter/ScalarAnalysis.java#L88C5-L99C6,10,0,0
https://github.com/EsotericSoftware/yamlbeans/blob/763726d51c99824218051e485e1b44f7477456fa/src/com/esotericsoftware/yamlbeans/emitter/ScalarAnalysis.java#L154C1-L163C47,0,1,0
https://github.com/blackbeard334/djoom3/blob/64362645420c99ac621b051a678de96883e2a329/src/main/java/neo/idlib/math/Simd_Generic.java#L1286C1-L1294C32,6,0,0
https://github.com/blackbeard334/djoom3/blob/64362645420c99ac621b051a678de96883e2a329/src/main/java/neo/idlib/math/Simd_Generic.java#L1308C1-L1316C26,6,0,0
https://github.com/tud-fop/j-Algo/blob/f59fbbd9ccc3f41d6866fda44324622e2b47eef2/src/main/java/c00/parser/C00Parser.java#L3663C2-L3671C40,2,0,0
https://github.com/alibaba/compileflow/blob/e96a05224f71bf4aa3d9fb37bba85764b2fc153f/src/main/java/com/alibaba/compileflow/engine/common/util/DataType.java#L1057C1-L1065C20,1,0,1
https://github.com/alibaba/compileflow/blob/e96a05224f71bf4aa3d9fb37bba85764b2fc153f/src/main/java/com/alibaba/compileflow/engine/common/util/DataType.java#L1023C1-L1033C18,1,0,1
https://github.com/alibaba/compileflow/blob/e96a05224f71bf4aa3d9fb37bba85764b2fc153f/src/main/java/com/alibaba/compileflow/engine/common/util/DataType.java#L1041C1-L1047C18,1,0,0
https://github.com/rythmengine/rythmengine/blob/3439bd728c8e95927cea9146b5d6b59a30c3c516/src/main/java/org/rythmengine/utils/Time.java#L971C1-L998C14,0,6,6
https://github.com/tommyettinger/RegExodus/blob/48a8167a5dc1e381fc741fabd425965a22aa1503/src/main/java/regexodus/Term.java#L1841C1-L1850C22,3,0,0
https://github.com/tommyettinger/RegExodus/blob/48a8167a5dc1e381fc741fabd425965a22aa1503/src/main/java/regexodus/Term.java#L1895C39-L1912C61,6,0,2
https://github.com/tommyettinger/RegExodus/blob/48a8167a5dc1e381fc741fabd425965a22aa1503/src/main/java/regexodus/Term.java#L1975C3-L2003C1,0,0,1
https://github.com/george-haddad/cardme/blob/2cdb02c627d103041288bc57f06b9deeb02f194a/src/net/sourceforge/cardme/engine/VCardEngine.java#L2345C1-L2353C8,0,2,0
https://github.com/EXIficient/exificient-core/blob/fce10c39fe654c9ae9660454ac6d6d2abc6a48ac/src/main/java/com/siemens/ct/exi/core/FidelityOptions.java#L395C1-L406C10,4,0,0
https://github.com/EXIficient/exificient-core/blob/fce10c39fe654c9ae9660454ac6d6d2abc6a48ac/src/main/java/com/siemens/ct/exi/core/FidelityOptions.java#L431C1-L442C8,4,0,0
https://github.com/EXIficient/exificient-core/blob/fce10c39fe654c9ae9660454ac6d6d2abc6a48ac/src/main/java/com/siemens/ct/exi/core/FidelityOptions.java#L460C1-L471C7,4,0,0
https://github.com/EXIficient/exificient-core/blob/fce10c39fe654c9ae9660454ac6d6d2abc6a48ac/src/main/java/com/siemens/ct/exi/core/FidelityOptions.java#L497C1-L508C9,4,0,0
https://github.com/EXIficient/exificient-core/blob/fce10c39fe654c9ae9660454ac6d6d2abc6a48ac/src/main/java/com/siemens/ct/exi/core/FidelityOptions.java#L592C8-L607C9,6,0,0
https://github.com/EXIficient/exificient-core/blob/fce10c39fe654c9ae9660454ac6d6d2abc6a48ac/src/main/java/com/siemens/ct/exi/core/FidelityOptions.java#L631C7-L642C8,5,0,0
https://github.com/EXIficient/exificient-core/blob/fce10c39fe654c9ae9660454ac6d6d2abc6a48ac/src/main/java/com/siemens/ct/exi/core/FidelityOptions.java#L660C6-L671C7,5,0,0
https://github.com/EXIficient/exificient-core/blob/fce10c39fe654c9ae9660454ac6d6d2abc6a48ac/src/main/java/com/siemens/ct/exi/core/FidelityOptions.java#L697C8-L708C9,5,0,0
https://github.com/rythmengine/rythmengine/blob/3439bd728c8e95927cea9146b5d6b59a30c3c516/src/main/java/org/rythmengine/utils/Time.java#L1019-L1024,8,0,0
https://github.com/rythmengine/rythmengine/blob/3439bd728c8e95927cea9146b5d6b59a30c3c516/src/main/java/org/rythmengine/utils/Time.java#L1026-L1031,8,0,0
https://github.com/rythmengine/rythmengine/blob/3439bd728c8e95927cea9146b5d6b59a30c3c516/src/main/java/org/rythmengine/utils/Time.java#L1033-L1038,8,0,0
https://github.com/tommyettinger/RegExodus/blob/48a8167a5dc1e381fc741fabd425965a22aa1503/src/main/java/regexodus/Term.java#L1633-L1635,2,0,0
https://github.com/tommyettinger/RegExodus/blob/48a8167a5dc1e381fc741fabd425965a22aa1503/src/main/java/regexodus/Term.java#L1650-L1653,2,0,0
https://github.com/tommyettinger/RegExodus/blob/48a8167a5dc1e381fc741fabd425965a22aa1503/src/main/java/regexodus/Term.java#L1462-L1464,2,0,0
https://github.com/tommyettinger/RegExodus/blob/48a8167a5dc1e381fc741fabd425965a22aa1503/src/main/java/regexodus/Term.java#L1474-L1476,2,0,0
https://github.com/apache/sling-org-apache-sling-servlets-resolver/blob/75e62e657fc0b2dbbc90287cba23a24116152fce/src/main/java/org/apache/sling/servlets/resolver/internal/bundle/BundledScriptTracker.java#L273-L285,9,0,0
https://github.com/apache/sling-org-apache-sling-servlets-resolver/blob/75e62e657fc0b2dbbc90287cba23a24116152fce/src/main/java/org/apache/sling/servlets/resolver/internal/bundle/BundledScriptTracker.java#L259-L269,4,0,0
https://github.com/iotaledger/cliri/blob/1f974cafb1c17d96ae7e0a6856f563dcf3794238/src/main/java/com/iota/iri/network/Node.java#L200-L208,1,0,0
https://github.com/apache/sling-org-apache-sling-servlets-resolver/blob/75e62e657fc0b2dbbc90287cba23a24116152fce/src/main/java/org/apache/sling/servlets/resolver/internal/bundle/BundledScriptTracker.java#L302-L306,2,0,0
https://github.com/iotaledger/cliri/blob/1f974cafb1c17d96ae7e0a6856f563dcf3794238/src/main/java/com/iota/iri/network/Node.java#L203-L207,1,0,0
https://github.com/Isaac315/sql-translator/blob/78f3fb0091c94563a640ef672de3e75e2b5c3bb2/src/main/java/com/raysonfang/sqltranslator/sql/dialect/oracle/function/OracleToMySqlFunctionTransform.java#L116-L118,1,0,0
https://github.com/awslabs/aws-glue-catalog-sync-agent-for-hive/blob/2ba77e5718c5b1988e711fac37966b40665bc385/src/main/java/com/amazonaws/services/glue/catalog/HiveGlueCatalogSyncAgent.java#L407-L427,0,2,0
https://github.com/xcsp3team/XCSP3-Java-Tools/blob/1567b06e77cb2a8b73a1ce65e4773cbf08f59ce0/src/main/java/org/xcsp/parser/XParser.java#L330-L340,3,0,0
https://github.com/darmiel/eeee/blob/f4114a3bf831ae88f6cca606f4d0f93ac09cc210/src/main/java/io/d2a/eeee/EntryMethod.java#L57-L64,1,0,0
https://github.com/apache/sling-org-apache-sling-servlets-resolver/blob/75e62e657fc0b2dbbc90287cba23a24116152fce/src/main/java/org/apache/sling/servlets/resolver/internal/bundle/BundledScriptTracker.java#L223-L229,1,0,0
https://github.com/datadotworld/dw-jdbc/blob/ac4f7d8a457dce89cbaa9eb33994304e5504fda1/src/main/java/world/data/jdbc/internal/transport/SparqlResultsParser.java#L69-L73,2,0,0
https://github.com/errai/errai/blob/d2edc4632373096f8d81c93f18cd874fa5501b90/errai-ioc/src/main/java/org/jboss/errai/ioc/rebind/ioc/extension/builtin/JsTypeAntiInliningExtension.java#L93-L96,2,0,0
https://github.com/jessin20161124/miniDubboOpen/blob/a02a5c2b393456861401b14057752fb22a7308ab/src/main/java/com/jessin/practice/dubbo/netty/FastjsonSerializer.java#L268-L271,2,0,0
https://github.com/lastaflute/lastaflute/blob/01201e2eee995053bf6f9febcf58ace01ed38c30/src/main/java/org/lastaflute/web/validation/ActionValidator.java#L744-L746,3,0,0
https://github.com/vangj/jbayes/blob/4f3a542a4cab356b2b4a3d5d735ae0346429ef2d/src/main/java/com/github/vangj/jbayes/inf/exact/graph/pptc/Evidence.java#L266-L268,1,0,0
https://github.com/apache/commons-codec/blob/634ac7caba17b3610e8fe3dd19f9f05faf4d1f94/src/main/java/org/apache/commons/codec/language/bm/Rule.java#L532-L533,5,0,0
https://github.com/awslabs/aws-glue-catalog-sync-agent-for-hive/blob/2ba77e5718c5b1988e711fac37966b40665bc385/src/main/java/com/amazonaws/services/glue/catalog/HiveGlueCatalogSyncAgent.java#L370-L384,0,2,0
https://github.com/mojohaus/license-maven-plugin/blob/b9ec9b85e32fa978b8bdd9aee018b0bf94a518fe/src/main/java/org/codehaus/mojo/license/extended/spreadsheet/CalcFileWriter.java#L607-L621,6,0,0
https://github.com/mojohaus/license-maven-plugin/blob/b9ec9b85e32fa978b8bdd9aee018b0bf94a518fe/src/main/java/org/codehaus/mojo/license/extended/spreadsheet/ExcelFileWriter.java#L482-L496,6,0,0
https://github.com/vizor-games/infraworld-cornerstone/blob/2f8c792393fd8bbfc09d5bfdd36114230f64aa5c/src/main/java/com/vizor/unreal/convert/CastGenerator.java#L241-L253,2,0,0
https://github.com/apache/sling-org-apache-sling-servlets-resolver/blob/75e62e657fc0b2dbbc90287cba23a24116152fce/src/main/java/org/apache/sling/servlets/resolver/internal/bundle/BundledScriptTracker.java#L193-L202,3,0,0
https://github.com/datadotworld/dw-jdbc/blob/ac4f7d8a457dce89cbaa9eb33994304e5504fda1/src/main/java/world/data/jdbc/internal/transport/SparqlResultsParser.java#L67-L76,3,0,0
https://github.com/nothingax/micro-DB/blob/1bbae368f7670f94130606fa65bcbc8ccbb89b98/src/main/java/com/microdb/operator/Aggregate.java#L73-L82,5,0,0
https://github.com/uber-common/jvm-profiler/blob/07ecfce5bbae89cae1415296d4c6eb7cdd7b7dfa/src/main/java_datadog/com/uber/profiling/reporters/DatadogOutputReporter.java#L42-L50,1,0,0
https://github.com/jano7/executor/blob/afa9dd02560c69e26f4addcd5b68500c5e95241b/src/test/java/com/jano7/executor/KeySequentialBoundedExecutorTest.java#L112-L118,1,0,0
https://github.com/keighrim/mae-annotation/blob/a4bf15aaad14f80b4c6a076bd01c58f6e4d07000/src/main/java/edu/brandeis/llc/mae/util/FontHandler.java#L128-L134,1,0,0
https://github.com/vangj/jbayes/blob/4f3a542a4cab356b2b4a3d5d735ae0346429ef2d/src/main/java/com/github/vangj/jbayes/inf/exact/graph/pptc/Evidence.java#L258-L264,2,0,0
https://github.com/jahlborn/jackcess/blob/22bf8a8642c84fc500f5c66ef59de1f7211f93a3/src/main/java/com/healthmarketscience/jackcess/impl/expr/FormatUtil.java#L1098-L1103,3,0,0
https://github.com/sranka/jdbcimage/blob/4b16de3a349a30e5d69633a0fea6e08d486392b9/src/main/java/io/github/sranka/jdbcimage/main/MainToolBase.java#L386-L391,1,0,0
https://github.com/vincentrussell/java-ini-parser/blob/954dd3836aa39dd170202f95e356da1eb86c894d/src/main/java/com/github/vincentrussell/ini/Ini.java#L152-L157,1,0,0
https://github.com/fizzed/jne/blob/199d45bd8728807b61356fd1c0f17079b567ed60/src/main/java/com/fizzed/jne/JavaHomes.java#L210-L214,5,0,0
https://github.com/ysc/word/blob/daa57fa34645e39c6e0214d1f4698134963b65be/src/main/java/org/apdplat/word/lucene/ChineseWordTokenizer.java#L138-L142,2,0,0
https://github.com/ysc/word/blob/daa57fa34645e39c6e0214d1f4698134963b65be/src/main/java/org/apdplat/word/lucene/ChineseWordTokenizer.java#L147-L151,2,0,0
https://github.com/jahlborn/jackcess/blob/22bf8a8642c84fc500f5c66ef59de1f7211f93a3/src/main/java/com/healthmarketscience/jackcess/impl/expr/FormatUtil.java#L1090-L1093,4,0,0
https://github.com/HelixNetwork/pendulum/blob/919ae1df7ca4359aad6b9a4575beb9d3ca4de8ef/src/main/java/net/helix/pendulum/service/snapshot/impl/SnapshotServiceImpl.java#L141-L143,2,0,0
https://github.com/lastaflute/lastaflute/blob/01201e2eee995053bf6f9febcf58ace01ed38c30/src/main/java/org/lastaflute/web/path/restful/verifier/RestfulStructuredMethodVerifier.java#L422-L424,2,0,0
https://github.com/wso2/config-mapper/blob/353b0829d3bf3dae92312dea6ff1dddff9a74fe6/src/main/java/org/wso2/config/mapper/KeyMapper.java#L61-L63,1,0,0
https://github.com/PawelGorny/lostword/blob/8e66ab8737a5119a21cef6c948ae7b48f00fdb91/src/main/java/com/pawelgorny/lostword/WorkerKnownPosition.java#L87-L103,2,0,0
https://github.com/PawelGorny/lostword/blob/8e66ab8737a5119a21cef6c948ae7b48f00fdb91/src/main/java/com/pawelgorny/lostword/WorkerPool.java#L76-L92,2,0,0
https://github.com/PawelGorny/lostword/blob/8e66ab8737a5119a21cef6c948ae7b48f00fdb91/src/main/java/com/pawelgorny/lostword/WorkerPrintSeeds.java#L96-L112,2,0,0
https://github.com/lzgabel/camunda-cloud-bpmn-converter/blob/5a301723aa17c90a090c235f91d5491a1f7c249f/src/main/java/cn/lzgabel/converter/processing/event/IntermediateCatchEventProcessor.java#L47-L62,0,0,3
https://github.com/chengdedeng/waf/blob/9ba9a18857154830a35e3b10d111d025208f73ef/src/main/java/info/yangguo/waf/request/security/CCSecurity.java#L100-L114,2,0,0
https://github.com/iamazy/elasticsearch-sql2/blob/05a7743fb2bb70816f8255a7e7b3086374b15d8c/src/main/java/io/github/iamazy/elasticsearch/dsl/sql/parser/query/exact/BinaryQueryParser.java#L98-L112,2,0,0
https://github.com/hageldave/ezFFTW/blob/20d97041dfde6731bbfc02980cf2b581c62161ec/src/test/java/hageldave/ezfftw/dp/FFTTest.java#L208-L221,3,0,0
https://github.com/streamx-co/FluentJPA/blob/064ce0b468b63fa07aecb0cfc2d352108af1cb40/src/main/java/co/streamx/fluent/JPA/DSLInterpreter.java#L563-L576,1,0,0
https://github.com/Isaac315/sql-translator/blob/78f3fb0091c94563a640ef672de3e75e2b5c3bb2/src/main/java/com/raysonfang/sqltranslator/sql/dialect/oracle/function/OracleToMySqlFunctionTransform.java#L109-L121,3,0,0
https://github.com/ben-xo/cdjscrobbler/blob/921fe5394227f1f602174b7c8935697904128d53/src/main/java/am/xo/cdjscrobbler/UpdateListener.java#L98-L110,1,0,0
https://github.com/finmath/finmath-lib/blob/ad5d22e93e335cd88c95f8f2d7ba6336e3947e68/src/main/java/net/finmath/equities/models/Black76Model.java#L349-L361,1,0,0
https://github.com/iipc/jwarc/blob/e4ff0fe435c378b68b482a3ca1502b70b33fe872/src/org/netpreserve/jwarc/WarcFilterCompiler.java#L143-L155,3,0,0
https://github.com/vmzakharov/dataframe-ec/blob/b5cef516c1f02207399f751ba922f9e5347f8f3c/src/main/java/io/github/vmzakharov/ecdataframe/dataset/LongFormatter.java#L32-L44,3,0,1
https://github.com/finmath/finmath-lib/blob/ad5d22e93e335cd88c95f8f2d7ba6336e3947e68/src/main/java/net/finmath/equities/models/Black76Model.java#L332-L343,1,0,0
https://github.com/vmzakharov/dataframe-ec/blob/b5cef516c1f02207399f751ba922f9e5347f8f3c/src/main/java/io/github/vmzakharov/ecdataframe/dataset/DoubleFormatter.java#L32-L43,3,0,1
https://github.com/Azure-Samples/cassandra-proxy/blob/f184bcaa612808ad9348a629330cc6bc94c13105/src/main/java/com/microsoft/azure/cassandraproxy/ProxyClient.java#L245-L255,0,0,1
https://github.com/spullara/java-future-jdk8/blob/5925719802af19ccc6602651fc243b2ff3726b4b/src/test/java/spullara/util/concurrent/CompletableFutureTest.java#L355-L365,11,0,0
https://github.com/streamx-co/FluentJPA/blob/064ce0b468b63fa07aecb0cfc2d352108af1cb40/src/main/java/co/streamx/fluent/JPA/DSLInterpreter.java#L565-L575,6,0,0
https://github.com/streamx-co/FluentJPA/blob/064ce0b468b63fa07aecb0cfc2d352108af1cb40/src/main/java/co/streamx/fluent/JPA/DSLInterpreter.java#L744-L754,3,0,0
https://github.com/alibaba/compileflow/blob/e96a05224f71bf4aa3d9fb37bba85764b2fc153f/src/main/java/com/alibaba/compileflow/engine/common/extension/PluginManager.java#L132-L141,6,0,0
https://github.com/heroku/heroku-jvm-application-deployer/blob/ffd498f1a94853b30bc0275a6ef495f2ec3a11f7/src/main/java/com/heroku/deployer/Main.java#L109-L118,4,0,0
https://github.com/lastaflute/lastaflute/blob/01201e2eee995053bf6f9febcf58ace01ed38c30/src/main/java/org/lastaflute/web/ruts/process/ActionFormMapper.java#L927-L936,5,0,0
https://github.com/junichi11/netbeans-color-codes-preview/blob/97a0262a3c15ab5842c43b68019e1e355ad7d3a8/src/main/java/com/junichi11/netbeans/modules/color/codes/preview/ui/ColorCodesPanel.java#L101-L109,1,0,0
https://github.com/leonhad/paradoxdriver/blob/de3a6ad18b6c7f1d461383876339dc8086beaead/src/main/java/com/googlecode/paradox/planner/plan/SelectPlan.java#L291-L299,3,0,0
https://github.com/wso2/config-mapper/blob/353b0829d3bf3dae92312dea6ff1dddff9a74fe6/src/main/java/org/wso2/config/mapper/Validator.java#L153-L161,3,0,0
https://github.com/xcsp3team/XCSP3-Java-Tools/blob/1567b06e77cb2a8b73a1ce65e4773cbf08f59ce0/src/main/java/org/xcsp/modeler/implementation/ProblemDataHandler.java#L185-L193,3,0,0
https://github.com/jenkins-infra/update-center2/blob/5b1203f26470aa07d226974b599e53315a270a92/src/main/java/io/jenkins/update_center/json/TieredUpdateSitesGenerator.java#L107-L114,2,0,0
https://github.com/xcsp3team/XCSP3-Java-Tools/blob/1567b06e77cb2a8b73a1ce65e4773cbf08f59ce0/src/main/java/org/xcsp/modeler/implementation/ProblemDataHandler.java#L175-L182,3,0,0
https://github.com/3redronin/mu-server/blob/69683cf8009d7a0ac52452fd4b0abe06ffd0bf87/src/main/java/io/muserver/Http2Connection.java#L354-L360,0,0,0
https://github.com/apache/commons-codec/blob/634ac7caba17b3610e8fe3dd19f9f05faf4d1f94/src/main/java/org/apache/commons/codec/language/bm/Rule.java#L222-L228,1,0,1
https://github.com/googleapis/disco-to-proto3-converter/blob/32cf5993853b1218e97e54c556f3922f49014eb8/src/main/java/com/google/cloud/discotoproto3converter/proto3/DocumentToProtoConverter.java#L221-L227,4,0,0
https://github.com/f4b6a3/uuid-creator/blob/f9e6e6d02ecc8dac16a56e4fab1bd24caec8171c/src/main/java/com/github/f4b6a3/uuid/factory/rfc4122/TimeOrderedEpochFactory.java#L430-L435,1,0,0
https://github.com/lastaflute/lastaflute/blob/01201e2eee995053bf6f9febcf58ace01ed38c30/src/main/java/org/lastaflute/core/magic/async/SimpleAsyncManager.java#L732-L737,2,0,0
https://github.com/lastaflute/lastaflute/blob/01201e2eee995053bf6f9febcf58ace01ed38c30/src/main/java/org/lastaflute/web/servlet/filter/RequestLoggingFilter.java#L750-L755,1,0,0
https://github.com/package-url/packageurl-java/blob/47351deccffb9394df42b913f59ffc00741af0b6/src/main/java/com/github/packageurl/PackageURL.java#L418-L423,1,0,0
https://github.com/streamx-co/FluentJPA/blob/064ce0b468b63fa07aecb0cfc2d352108af1cb40/src/main/java/co/streamx/fluent/JPA/DSLInterpreter.java#L665-L670,3,0,0
https://github.com/f4b6a3/uuid-creator/blob/f9e6e6d02ecc8dac16a56e4fab1bd24caec8171c/src/main/java/com/github/f4b6a3/uuid/factory/rfc4122/TimeOrderedEpochFactory.java#L413-L417,1,0,0
https://github.com/leonhad/paradoxdriver/blob/de3a6ad18b6c7f1d461383876339dc8086beaead/src/main/java/com/googlecode/paradox/ConnectionInfo.java#L505-L509,2,0,0
https://github.com/lettuce-io/lettuce-core/blob/761d60247159662ce1db8bc20318bc4b573bc010/src/main/java/io/lettuce/core/StatefulRedisConnectionImpl.java#L188-L192,2,0,0
https://github.com/ripreal/V8LogScanner/blob/3789156a0ab07c4b2cdd91e8165ca733ecc01905/src/main/java/org/v8LogScanner/cmdScanner/CmdAddGroupBy.java#L25-L29,1,0,0
https://github.com/jetlang/remoting/blob/505aadcc72f28bdf1796ce6fc5b490cece2e5375/src/main/java/org/jetlang/remote/client/JetlangTcpClient.java#L336-L339,3,0,0
https://github.com/Azure/azure-functions-java-worker/blob/c92d38cdeb867f2f7e2ae9b2515c32c2ecfd1e41/src/main/java/com/microsoft/azure/functions/worker/binding/BindingDataStore.java#L103-L104,2,0,0
https://github.com/gabrie-allaigre/sonar-gitlab-plugin/blob/1a6b20737c0e034fed35f555442fa493c6268e9f/src/main/java/com/talanlabs/sonar/plugins/gitlab/GitLabApiV3Wrapper.java#L251-L252,3,3,0
https://github.com/gabrie-allaigre/sonar-gitlab-plugin/blob/1a6b20737c0e034fed35f555442fa493c6268e9f/src/main/java/com/talanlabs/sonar/plugins/gitlab/GitLabApiV4Wrapper.java#L257-L258,3,3,0
https://github.com/Azure-Samples/cassandra-proxy/blob/f184bcaa612808ad9348a629330cc6bc94c13105/src/main/java/com/microsoft/azure/cassandraproxy/Proxy.java#L323-L400,2,3,0
https://github.com/ysc/word/blob/daa57fa34645e39c6e0214d1f4698134963b65be/src/main/java/org/apdplat/word/dictionary/DictionaryTools.java#L100-L114,6,0,0
https://github.com/Thare-Lam/fast-elasticsearch-query-builder/blob/bc6e2adf8333363929e68f3c8dc459c320101aef/src/main/java/cn/thare/feqb/helper/AggregationHelper.java#L42-L55,4,0,0
https://github.com/jfinal/jfinal/blob/076e76a4941c989d7f535035295aa3d055123131/src/main/java/com/jfinal/proxy/ProxyGenerator.java#L98-L111,2,0,0
https://github.com/jonatan-kazmierczak/class-visualizer/blob/71015106c3316c02d366af71d9883c909d9ac772/src/main/java/clsvis/logging/GUIHandler.java#L33-L46,12,0,0
https://github.com/vangj/jbayes/blob/4f3a542a4cab356b2b4a3d5d735ae0346429ef2d/src/main/java/com/github/vangj/jbayes/inf/exact/sampling/Table.java#L39-L52,2,0,0
https://github.com/vizor-games/infraworld-cornerstone/blob/2f8c792393fd8bbfc09d5bfdd36114230f64aa5c/src/main/java/com/vizor/unreal/preprocess/NestedTypesRemover.java#L116-L129,4,0,0
https://github.com/chengdedeng/waf/blob/9ba9a18857154830a35e3b10d111d025208f73ef/src/main/java/info/yangguo/waf/service/ZkClusterService.java#L185-L197,9,0,0
https://github.com/junichi11/netbeans-color-codes-preview/blob/97a0262a3c15ab5842c43b68019e1e355ad7d3a8/src/main/java/com/junichi11/netbeans/modules/color/codes/preview/impl/HexCssColorCodesProvider.java#L120-L132,10,0,0
https://github.com/JeffLi1993/java-core-learning-example/blob/09f71b5606eeec1c65afafa4b3c7eddcc4a96732/src/main/java/org/javacore/concurrent/CountDownLatchT.java#L25-L36,2,0,0
https://github.com/domclick/kafka-logback/blob/91d21ace796dd29ef953b86fcd7ebe55f43ca58d/src/main/java/ru/sberned/kafkalogback/KafkaAppender.java#L94-L105,3,2,0
https://github.com/lettuce-io/lettuce-core/blob/761d60247159662ce1db8bc20318bc4b573bc010/src/main/java/io/lettuce/core/cluster/RedisClusterClient.java#L1014-L1025,1,0,0
https://github.com/ysc/word/blob/daa57fa34645e39c6e0214d1f4698134963b65be/src/main/java/org/apdplat/word/dictionary/DictionaryFactory.java#L210-L221,4,0,0
https://github.com/MarkShen1992/Mashibing_High_Concurrency/blob/f408144caf72de0391f6e271eec6b92021ab1ca4/src/main/java/com/mark/concurrent24/TicketSeller2.java#L25-L35,1,0,0
https://github.com/lettuce-io/lettuce-core/blob/761d60247159662ce1db8bc20318bc4b573bc010/src/main/java/io/lettuce/core/RedisChannelHandler.java#L181-L191,2,0,0
https://github.com/lettuce-io/lettuce-core/blob/761d60247159662ce1db8bc20318bc4b573bc010/src/main/java/io/lettuce/core/cluster/RedisClusterClient.java#L995-L1005,2,0,0
https://github.com/lettuce-io/lettuce-core/blob/761d60247159662ce1db8bc20318bc4b573bc010/src/test/java/io/lettuce/test/LettuceExtension.java#L219-L229,0,1,0
https://github.com/peterbencze/serritor/blob/158939359c0b0608686afd34bba582c9157dd362/src/main/java/com/github/peterbencze/serritor/internal/WebDriverFactory.java#L95-L105,4,0,0
https://github.com/stupid1t/poi-excel/blob/7f1834f1e0fa91bed24591ee43e89d95ec39de98/src/main/java/com/github/stupdit1t/excel/common/PoiResult.java#L79-L89,5,0,0
https://github.com/wso2/config-mapper/blob/353b0829d3bf3dae92312dea6ff1dddff9a74fe6/src/main/java/org/wso2/config/mapper/MetaDataParser.java#L125-L135,6,0,0
https://github.com/Blazemeter/xtn5250/blob/240e00411e0c21995e87f5a36dd0f6fee2929af8/src/main/java/net/infordata/em/crt5250/XI5250CrtFrame.java#L157-L166,12,0,0
https://github.com/MarkShen1992/Mashibing_High_Concurrency/blob/f408144caf72de0391f6e271eec6b92021ab1ca4/src/main/java/com/mark/concurrent24/TicketSeller4.java#L25-L34,1,0,0
https://github.com/PlayPen/playpen-core/blob/dd867086481d93a439cb0270eaa7272bacf75493/src/main/java/io/playpen/core/coordinator/network/Network.java#L375-L384,3,0,0
https://github.com/chengdedeng/waf/blob/9ba9a18857154830a35e3b10d111d025208f73ef/src/main/java/info/yangguo/waf/service/ZkClusterService.java#L130-L139,8,0,0
https://github.com/chengdedeng/waf/blob/9ba9a18857154830a35e3b10d111d025208f73ef/src/main/java/info/yangguo/waf/service/ZkClusterService.java#L286-L295,32,0,0
https://github.com/fsantiag/sonar-clojure/blob/8935e2291d21d57922006bab2f7fdd82d08e415e/src/main/java/org/sonar/plugins/clojure/sensors/eastwood/EastwoodIssueParser.java#L22-L31,2,0,0
https://github.com/jessin20161124/miniDubboOpen/blob/a02a5c2b393456861401b14057752fb22a7308ab/src/main/java/com/jessin/practice/dubbo/netty/NettyServerHandler.java#L103-L112,4,0,0
https://github.com/lastaflute/lastaflute/blob/01201e2eee995053bf6f9febcf58ace01ed38c30/src/main/java/org/lastaflute/core/json/filter/JsonUnifiedTextReadingFilter.java#L44-L53,5,0,0
https://github.com/ripreal/V8LogScanner/blob/3789156a0ab07c4b2cdd91e8165ca733ecc01905/src/main/java/org/v8LogScanner/logsCfg/LogBuilder.java#L655-L664,1,0,0
https://github.com/seansegal/tincisnotcatan/blob/f7d098c51037cb586147c1bbd5b18c2239df7b32/src/main/java/edu/brown/cs/actions/PlaceInitialSettlement.java#L89-L98,5,0,0
https://github.com/SpringStudent/GyJdbc/blob/0ca78eb623487f137d94eb719a94464d2d0cbbe8/src/main/java/com/gysoft/jdbc/bean/SQL.java#L107-L115,4,0,0
https://github.com/iamazy/elasticsearch-sql2/blob/05a7743fb2bb70816f8255a7e7b3086374b15d8c/src/main/java/io/github/iamazy/elasticsearch/dsl/sql/parser/query/exact/BinaryQueryParser.java#L28-L36,2,0,0
https://github.com/ripreal/V8LogScanner/blob/3789156a0ab07c4b2cdd91e8165ca733ecc01905/src/main/java/org/v8LogScanner/logsCfg/LogBuilder.java#L666-L674,1,0,0
https://github.com/sorra/TraceSonar/blob/53ece361e0e14027d803ecbeb9f3fea76f7176ff/src/main/java/sorra/tracesonar/core/Traceback.java#L48-L56,2,0,0
https://github.com/ysc/word/blob/daa57fa34645e39c6e0214d1f4698134963b65be/src/main/java/org/apdplat/word/segmentation/impl/PureEnglish.java#L81-L89,5,0,0
https://github.com/yuch7/cwlexec/blob/08b3e8ac1017f5a43d4d33699d1c9d4cb32a89e1/src/main/java/com/ibm/spectrumcomputing/cwl/parser/util/IOUtil.java#L468-L476,7,0,0
https://github.com/3redronin/mu-server/blob/69683cf8009d7a0ac52452fd4b0abe06ffd0bf87/src/main/java/io/muserver/RequestBodyReader.java#L146-L153,0,2,0
https://github.com/3redronin/mu-server/blob/69683cf8009d7a0ac52452fd4b0abe06ffd0bf87/src/main/java/io/muserver/RequestBodyReader.java#L70-L77,0,3,0
https://github.com/IBlogLab/enhance-gateway/blob/9b175549c6f9228096be92424c712e07686e9e4b/src/main/java/org/iblog/enhance/gateway/resources/LoggingRecordResource.java#L168-L175,5,0,0
https://github.com/PlayPen/playpen-core/blob/dd867086481d93a439cb0270eaa7272bacf75493/src/main/java/io/playpen/core/utils/process/FileProcessListener.java#L39-L46,1,0,0
https://github.com/PlayPen/playpen-core/blob/dd867086481d93a439cb0270eaa7272bacf75493/src/main/java/io/playpen/core/utils/process/FileProcessListener.java#L53-L60,1,0,0
https://github.com/alfasoftware/soapstone/blob/480e00c3384796efb1b2e69ba611d0234f6af333/src/main/java/org/alfasoftware/soapstone/WebServiceInvoker.java#L98-L105,1,0,1
https://github.com/bkatwal/kafka-solr-sink-connector/blob/f0d022607f3d5419053bfb0c87a710fb37e00896/src/main/java/com/bkatwal/kafkaproject/service/PlainJsonDocMappersImpl.java#L102-L109,3,2,0
https://github.com/bkatwal/kafka-solr-sink-connector/blob/f0d022607f3d5419053bfb0c87a710fb37e00896/src/main/java/com/bkatwal/kafkaproject/service/SolrServiceImpl.java#L138-L145,3,2,0
https://github.com/codeine-cd/codeine/blob/355463b17c671925bc8bd3951dabb98a150dfe36/src/common/codeine/servlet/HealthServlet.java#L31-L38,0,3,0
https://github.com/davidmoten/aws-maven-plugin/blob/e027d61b07cdc0e8b915217f1f6aca9b0f41011d/src/main/java/com/github/davidmoten/aws/maven/BeanstalkRemovePortsMojo.java#L102-L109,3,0,0
https://github.com/jetlang/remoting/blob/505aadcc72f28bdf1796ce6fc5b490cece2e5375/src/main/java/org/jetlang/remote/client/JetlangTcpClient.java#L219-L226,2,0,0
https://github.com/lettuce-io/lettuce-core/blob/761d60247159662ce1db8bc20318bc4b573bc010/src/main/java/io/lettuce/core/StatefulRedisConnectionImpl.java#L219-L226,4,0,0
https://github.com/sranka/jdbcimage/blob/4b16de3a349a30e5d69633a0fea6e08d486392b9/src/main/java/io/github/sranka/jdbcimage/main/MultiTableConcurrentImport.java#L38-L45,6,0,0
https://github.com/sylvainlaurent/swagger-validator-maven-plugin/blob/980ad67cf33eb53ba27d44738bb8fe3aac3dba01/src/main/java/com/github/sylvainlaurent/maven/swaggervalidator/semantic/validator/path/MimeTypeValidator.java#L73-L80,2,0,0
https://github.com/3redronin/mu-server/blob/69683cf8009d7a0ac52452fd4b0abe06ffd0bf87/src/main/java/io/muserver/AsyncSsePublisher.java#L173-L179,2,0,0
https://github.com/3redronin/mu-server/blob/69683cf8009d7a0ac52452fd4b0abe06ffd0bf87/src/main/java/io/muserver/Http1Response.java#L61-L67,3,0,0
https://github.com/3redronin/mu-server/blob/69683cf8009d7a0ac52452fd4b0abe06ffd0bf87/src/main/java/io/muserver/NettyResponseAdaptor.java#L152-L158,3,0,0
https://github.com/ATLANTBH/owl/blob/f808feae5b021ce37e7a937ab03bf3327be386ad/src/main/java/com/atlantbh/test/reporter/utils/services/ServicesUtils.java#L46-L52,2,0,0
https://github.com/TheHolyWaffle/TeamSpeak-3-Java-API/blob/decd7c8bda74246ac9c0f704599cb4c272ba6181/src/main/java/com/github/theholywaffle/teamspeak3/api/CommandFuture.java#L791-L797,1,0,0
https://github.com/apache/commons-compress/blob/ca1052f1347e301b46b1224d6b92198699663763/src/test/java/org/apache/commons/compress/archivers/zip/ParallelScatterZipCreatorTest.java#L324-L330,2,0,0
https://github.com/apache/sling-org-apache-sling-servlets-resolver/blob/75e62e657fc0b2dbbc90287cba23a24116152fce/src/main/java/org/apache/sling/servlets/resolver/internal/bundle/BundledScriptTracker.java#L491-L497,2,0,0
https://github.com/casbin/jcasbin/blob/eb7f93118e4f6d93e44cd779ce17a2f5f2d81387/src/main/java/org/casbin/jcasbin/model/Model.java#L331-L337,1,0,0
https://github.com/cellsrg/tabbypdf/blob/def8bb08e7733a9b87e593cb5363ef82581628c1/src/main/java/ru/icc/cells/tabbypdf/detection/TableRegionDetector.java#L90-L96,1,0,0
https://github.com/chengdedeng/waf/blob/9ba9a18857154830a35e3b10d111d025208f73ef/src/main/java/info/yangguo/waf/service/ZkClusterService.java#L224-L230,5,0,0
https://github.com/chengdedeng/waf/blob/9ba9a18857154830a35e3b10d111d025208f73ef/src/main/java/info/yangguo/waf/service/ZkClusterService.java#L252-L258,5,0,0
https://github.com/chengdedeng/waf/blob/9ba9a18857154830a35e3b10d111d025208f73ef/src/main/java/info/yangguo/waf/validator/SecurityConfigItemValidator.java#L36-L42,2,0,0
https://github.com/chengdedeng/waf/blob/9ba9a18857154830a35e3b10d111d025208f73ef/src/main/java/info/yangguo/waf/validator/SecurityConfigItemValidator.java#L48-L53,3,0,0
https://github.com/dnsjava/dnsjava/blob/206c9e51ac18e1ed6f82beb16cb6c0ff1f83b095/src/main/java/org/xbill/DNS/lookup/LookupSession.java#L301-L307,1,0,0
https://github.com/hermannpencole/nifi-config/blob/e4a8a251bd01fd4026ac4fe6868791f4496ce882/src/main/java/com/github/hermannpencole/nifi/config/service/ConnectionsUpdater.java#L101-L107,4,0,0
https://github.com/hermannpencole/nifi-config/blob/e4a8a251bd01fd4026ac4fe6868791f4496ce882/src/main/java/com/github/hermannpencole/nifi/config/service/ConnectionsUpdater.java#L110-L116,4,0,0
https://github.com/hermannpencole/nifi-config/blob/e4a8a251bd01fd4026ac4fe6868791f4496ce882/src/main/java/com/github/hermannpencole/nifi/config/service/ConnectionsUpdater.java#L121-L127,4,0,0
https://github.com/iamazy/elasticsearch-sql2/blob/05a7743fb2bb70816f8255a7e7b3086374b15d8c/src/main/java/io/github/iamazy/elasticsearch/dsl/sql/parser/query/exact/BinaryQueryParser.java#L84-L90,2,0,0
https://github.com/jessin20161124/miniDubboOpen/blob/a02a5c2b393456861401b14057752fb22a7308ab/src/main/java/com/jessin/practice/dubbo/invoker/DubboInvoker.java#L55-L61,2,0,0
https://github.com/jhunters/jprotobuf/blob/0e326bf8704027adc8af182e7cebc0e7a9c38e30/jprotobuf-precompile-plugin-gradle/src/main/java/com/baidu/jprotobuf/plugin/PrecompileTask.java#L163-L169,2,0,0
https://github.com/keighrim/mae-annotation/blob/a4bf15aaad14f80b4c6a076bd01c58f6e4d07000/src/main/java/edu/brandeis/llc/mae/agreement/view/MaeAgreementGUI.java#L290-L296,0,0,1
https://github.com/leonhad/paradoxdriver/blob/de3a6ad18b6c7f1d461383876339dc8086beaead/src/main/java/com/googlecode/paradox/planner/nodes/FunctionNode.java#L104-L110,2,0,0
https://github.com/lettuce-io/lettuce-core/blob/761d60247159662ce1db8bc20318bc4b573bc010/src/main/java/io/lettuce/core/RedisURI.java#L925-L931,2,0,0
https://github.com/monkeymq/jgossip/blob/4bfc8e791381f70d62ea4ad6d8ae952da840dd0d/src/main/java/net/lvsq/jgossip/net/udp/UDPMsgService.java#L96-L102,0,2,0
https://github.com/3redronin/mu-server/blob/69683cf8009d7a0ac52452fd4b0abe06ffd0bf87/src/main/java/io/muserver/RateLimiterImpl.java#L41-L46,8,0,0
https://github.com/3redronin/mu-server/blob/69683cf8009d7a0ac52452fd4b0abe06ffd0bf87/src/test/java/io/muserver/AsyncSsePublisherTest.java#L101-L106,4,0,0
https://github.com/Sayi/swagger-diff/blob/e6abc1483ec90859aeba9d9ad4e7fd0368352d47/src/main/java/com/deepoove/swagger/diff/compare/ModelDiff.java#L129-L134,2,0,0
https://github.com/StaticBeagle/ETK4J/blob/393c622d01b9abfcead5c9c0973b4557173502e2/src/main/java/com/wildbitsfoundry/etk4j/signals/filters/Bessel.java#L296-L301,2,0,0
https://github.com/alibaba/compileflow/blob/e96a05224f71bf4aa3d9fb37bba85764b2fc153f/src/main/java/com/alibaba/compileflow/engine/common/extension/PluginManager.java#L181-L186,4,0,0
https://github.com/fabric8io/docker-maven-plugin/blob/40371e754a6f3122af6d3019508c364627580935/src/main/java/io/fabric8/maven/docker/AbstractDockerMojo.java#L495-L500,3,0,0
https://github.com/finos/messageml-utils/blob/8dc8971aee55c36fbc2bce55a5e62ef254cc2eb9/src/main/java/org/symphonyoss/symphony/messageml/bi/BiContext.java#L100-L105,2,0,0
https://github.com/joniles/mpxj/blob/91540932b1db27a525f1ee9e9fb9d878acedfc74/src/main/java/net/sf/mpxj/common/MPPAssignmentField.java#L55-L60,6,0,0
https://github.com/joniles/mpxj/blob/91540932b1db27a525f1ee9e9fb9d878acedfc74/src/main/java/net/sf/mpxj/common/MPPProjectField.java#L51-L56,6,0,0
https://github.com/joniles/mpxj/blob/91540932b1db27a525f1ee9e9fb9d878acedfc74/src/main/java/net/sf/mpxj/common/MPPResourceField.java#L54-L59,6,0,0
https://github.com/joniles/mpxj/blob/91540932b1db27a525f1ee9e9fb9d878acedfc74/src/main/java/net/sf/mpxj/common/MPPTaskField.java#L54-L59,1,0,0
https://github.com/lastaflute/lastaflute/blob/01201e2eee995053bf6f9febcf58ace01ed38c30/src/main/java/org/lastaflute/web/ruts/GodHandableAction.java#L417-L422,1,0,0
https://github.com/lastaflute/lastaflute/blob/01201e2eee995053bf6f9febcf58ace01ed38c30/src/main/java/org/lastaflute/web/servlet/filter/mdc/MDCHook.java#L94-L99,1,0,0
